,Cities,Cloudiness (%),Country,Date,Humidity (%),Latitude,Longitude,Max temp (F),Wind Speed (mph)
0,la libertad,0,PE,2018-04-03,55,-16.38,-71.56,62.6,9.17
1,thompson,75,CA,2018-04-03,42,55.74,-97.86,8.6,12.75
2,tautira,75,PF,2018-04-03,74,-17.73,-149.15,78.8,2.24
3,bengkulu,NA,NA,2018-04-03,NA,NA,NA,NA,NA
4,saskylakh,0,RU,2018-04-03,28,71.97,114.09,-19.43,5.17
5,beringovskiy,12,RU,2018-04-03,93,63.05,179.32,16.67,5.95
6,bredasdorp,44,ZA,2018-04-03,77,-34.53,20.04,69.8,9.17
7,dwarka,20,IN,2018-04-03,45,28.58,77.04,87.8,6.93
8,turukhansk,36,RU,2018-04-03,42,65.8,87.96,-13.76,5.17
9,hofn,0,IS,2018-04-03,100,64.25,-15.21,35.12,19.48
10,rikitea,64,PF,2018-04-03,100,-23.12,-134.97,79.67,11.54
11,umm kaddadah,0,SD,2018-04-03,11,13.6,26.69,74.09,8.08
12,nikolskoye,40,RU,2018-04-03,59,59.7,30.79,35.6,11.18
13,mahebourg,90,MU,2018-04-03,83,-20.41,57.7,82.4,9.17
14,ushuaia,40,AR,2018-04-03,81,-54.81,-68.31,46.4,7.18
15,cape town,0,ZA,2018-04-03,68,-33.93,18.42,71.6,13.87
16,meulaboh,76,ID,2018-04-03,100,4.14,96.13,79.49,3.83
17,malwan,NA,NA,2018-04-03,NA,NA,NA,NA,NA
18,saint george,0,GR,2018-04-03,71,39.45,22.34,57.2,4.7
19,aswan,0,EG,2018-04-03,9,24.09,32.9,87.8,5.82
20,mbandaka,32,CD,2018-04-03,79,0.05,18.26,79.31,4.61
21,hambantota,20,LK,2018-04-03,100,6.12,81.12,79.49,5.17
22,lavrentiya,0,RU,2018-04-03,92,65.58,-170.99,19.55,19.04
23,sioux lookout,40,CA,2018-04-03,28,50.1,-91.92,14,3.36
24,hobart,75,AU,2018-04-03,62,-42.88,147.33,57.2,1.12
25,ornskoldsvik,0,SE,2018-04-03,43,63.29,18.72,33.8,6.93
26,kapaa,1,US,2018-04-03,83,22.08,-159.32,69.8,6.93
27,illoqqortoormiut,NA,NA,2018-04-03,NA,NA,NA,NA,NA
28,mataura,12,NZ,2018-04-03,63,-46.19,168.86,59.24,27.98
29,belushya guba,NA,NA,2018-04-03,NA,NA,NA,NA,NA
30,tuktoyaktuk,90,CA,2018-04-03,77,69.44,-133.03,-0.41,4.7
31,balkanabat,12,TM,2018-04-03,77,39.51,54.36,51.05,3.15
32,lata,44,IN,2018-04-03,96,30.78,78.62,47.18,1.92
33,port elizabeth,90,US,2018-04-03,93,39.31,-74.98,44.6,9.17
34,albany,90,US,2018-04-03,80,42.65,-73.75,39.2,9.17
35,ponta do sol,48,BR,2018-04-03,91,-20.63,-46,76.61,6.96
36,saldanha,92,PT,2018-04-03,91,41.42,-6.55,47.09,17.02
37,kushima,0,JP,2018-04-03,100,31.5,131.29,56.45,5.95
38,mar del plata,56,AR,2018-04-03,56,-46.43,-67.52,66.71,2.26
39,qaanaaq,0,GL,2018-04-03,84,77.48,-69.36,4.97,9.98
40,atuona,80,PF,2018-04-03,100,-9.8,-139.03,81.65,17.13
41,podosinovets,92,RU,2018-04-03,96,60.28,47.06,37.73,11.77
42,busselton,0,AU,2018-04-03,100,-33.64,115.35,64.55,17.47
43,agen,0,FR,2018-04-03,56,44.2,0.62,68,13.87
44,praia da vitoria,75,PT,2018-04-03,67,38.73,-27.07,62.6,18.25
45,new norfolk,75,AU,2018-04-03,62,-42.78,147.06,57.2,1.12
46,luderitz,88,NA,2018-04-03,47,-26.65,15.16,80.6,10.29
47,ketchikan,90,US,2018-04-03,100,55.34,-131.65,33.8,4.61
48,caravelas,0,BR,2018-04-03,100,-17.73,-39.27,81.47,12.44
49,xichang,56,CN,2018-04-03,41,27.88,102.25,54.92,1.7
50,sorland,0,NO,2018-04-03,68,67.67,12.69,33.8,6.93
51,sompeta,0,IN,2018-04-03,91,18.93,84.6,72.65,4.61
52,praia,75,BR,2018-04-03,48,-20.25,-43.81,87.8,5.82
53,kavieng,8,PG,2018-04-03,100,-2.57,150.8,83.09,9.08
54,east london,0,ZA,2018-04-03,94,-33.02,27.91,68,3.36
55,price,1,US,2018-04-03,11,39.6,-110.81,37.4,1.81
56,ancud,92,CL,2018-04-03,97,-41.87,-73.83,59.42,14.45
57,dzhusaly,NA,NA,2018-04-03,NA,NA,NA,NA,NA
58,kudahuvadhoo,80,MV,2018-04-03,100,2.67,72.89,85.79,1.59
59,arraial do cabo,20,BR,2018-04-03,53,-22.97,-42.02,95,9.17
60,punta arenas,40,CL,2018-04-03,100,-53.16,-70.91,44.6,18.34
61,saint-philippe,90,CA,2018-04-03,44,45.36,-73.48,44.6,4.7
62,mys shmidta,NA,NA,2018-04-03,NA,NA,NA,NA,NA
63,vaini,8,IN,2018-04-03,79,15.34,74.49,71.75,3.6
64,bluff,92,AU,2018-04-03,55,-23.58,149.07,73.55,17.58
65,stokmarknes,0,NO,2018-04-03,53,68.56,14.91,26.6,4.7
66,ust-kuyga,80,RU,2018-04-03,79,70,135.55,6.59,5.95
67,namibe,92,AO,2018-04-03,100,-15.19,12.15,79.22,9.98
68,khatanga,0,RU,2018-04-03,35,71.98,102.47,-23.66,3.15
69,aflu,NA,NA,2018-04-03,NA,NA,NA,NA,NA
70,clyde river,90,CA,2018-04-03,78,70.47,-68.59,10.4,14.99
71,esperance,40,TT,2018-04-03,55,10.24,-61.45,87.8,20.8
72,sao filipe,0,CV,2018-04-03,93,14.9,-24.5,71.48,14
73,tafo,24,GH,2018-04-03,59,6.73,-1.61,86.33,5.95
74,seoul,90,KR,2018-04-03,87,37.57,126.98,62.6,3.36
75,harper,90,US,2018-04-03,83,30.3,-99.24,78.8,10.29
76,pali,44,IN,2018-04-03,49,25.77,73.33,76.97,2.93
77,sao sebastiao,20,BR,2018-04-03,83,-3.15,-58.36,84.2,5.82
78,avera,75,US,2018-04-03,44,33.19,-82.53,82.4,14.99
79,liwale,68,TZ,2018-04-03,89,-9.8,37.92,72.65,4.72
80,kemin,0,KG,2018-04-03,70,42.79,75.7,17.57,1.92
81,ryotsu,36,JP,2018-04-03,100,38.08,138.43,49.07,1.14
82,takoradi,0,GH,2018-04-03,93,4.89,-1.75,83.54,9.86
83,luanda,75,AO,2018-04-03,74,-8.83,13.24,84.2,9.17
84,yulara,0,AU,2018-04-03,28,-25.24,130.99,68,8.05
85,cidreira,100,BR,2018-04-03,95,-30.17,-50.22,72.47,5.39
86,iqaluit,90,CA,2018-04-03,85,63.75,-68.52,14,28.86
87,araouane,0,ML,2018-04-03,10,18.9,-3.53,97.31,3.04
88,carnarvon,88,ZA,2018-04-03,54,-30.97,22.13,68.87,5.84
89,tasiilaq,90,GL,2018-04-03,67,65.61,-37.64,23,14.99
90,grand river south east,NA,NA,2018-04-03,NA,NA,NA,NA,NA
91,port alfred,44,ZA,2018-04-03,95,-33.59,26.89,70.13,3.04
92,leningradskiy,44,RU,2018-04-03,89,69.38,178.42,15.32,20.49
93,palabuhanratu,NA,NA,2018-04-03,NA,NA,NA,NA,NA
94,kokopo,44,PG,2018-04-03,100,-4.34,152.27,81.29,8.63
95,mokhsogollokh,0,RU,2018-04-03,55,61.4,128.95,3.35,6.85
96,vila,75,IT,2018-04-03,81,45.18,8.4,51.8,5.82
97,carauari,92,BR,2018-04-03,83,-4.88,-66.9,82.73,3.94
98,chuy,56,UY,2018-04-03,93,-33.69,-53.46,71.66,7.63
99,husavik,0,CA,2018-04-03,100,50.56,-96.99,17.12,4.72
100,chernyshevskiy,68,RU,2018-04-03,70,63.01,112.47,8.75,3.83
101,jamestown,0,AU,2018-04-03,84,-33.21,138.6,46.73,5.95
102,cruzeiro,40,BR,2018-04-03,55,-22.58,-44.96,87.8,5.82
103,slubice,0,CZ,2018-04-03,42,48.73,14.32,66.2,8.05
104,sterling,90,US,2018-04-03,81,39,-77.4,51.8,8.05
105,san andres,20,PH,2018-04-03,100,13.32,122.68,79.85,9.42
106,hami,92,CN,2018-04-03,60,42.84,93.51,49.61,7.63
107,torbay,40,CA,2018-04-03,43,47.66,-52.73,33.8,14.99
108,somotillo,40,NI,2018-04-03,41,13.04,-86.91,91.4,4.7
109,lagoa,20,PT,2018-04-03,77,37.14,-8.45,62.6,17.22
110,vardo,90,US,2018-04-03,76,39.62,-77.74,51.8,13.87
111,upernavik,80,GL,2018-04-03,100,72.79,-56.15,18.65,9.42
112,lakes entrance,0,AU,2018-04-03,100,-37.88,147.99,54.38,3.49
113,ribeira grande,20,PT,2018-04-03,55,38.52,-28.7,62.6,13.87
114,pevek,0,RU,2018-04-03,61,69.7,170.27,22.16,8.63
115,norman wells,75,CA,2018-04-03,77,65.28,-126.83,-2.21,2.24
116,borovoy,88,RU,2018-04-03,89,63.23,52.89,39.08,14.67
117,yenagoa,8,NG,2018-04-03,73,4.92,6.26,82.37,8.97
118,puerto ayora,20,EC,2018-04-03,58,-0.74,-90.35,84.2,5.82
119,labuhan,56,ID,2018-04-03,98,-2.54,115.51,71.66,2.15
120,banda aceh,20,ID,2018-04-03,100,5.56,95.32,75.89,2.48
121,marawi,48,PH,2018-04-03,98,8,124.29,66.71,2.71
122,guerrero negro,12,MX,2018-04-03,73,27.97,-114.04,63.2,9.86
123,butaritari,92,KI,2018-04-03,100,3.07,172.79,81.11,8.3
124,alyangula,0,AU,2018-04-03,100,-13.85,136.42,83.81,4.61
125,hilo,40,US,2018-04-03,83,19.71,-155.08,71.6,3.36
126,tateyama,92,JP,2018-04-03,93,36.66,137.31,43.04,1.81
127,tromso,75,NO,2018-04-03,68,69.65,18.96,30.2,5.82
128,jalu,24,LY,2018-04-03,33,29.03,21.55,70.04,9.86
129,kahului,75,US,2018-04-03,94,20.89,-156.47,73.4,18.34
130,mizan teferi,8,ET,2018-04-03,90,6.99,35.58,63.92,2.15
131,comodoro rivadavia,40,AR,2018-04-03,82,-45.87,-67.48,59,9.17
132,conde,12,BR,2018-04-03,64,-11.81,-37.61,87.5,8.3
133,bethanien,80,NA,2018-04-03,70,-26.5,17.16,68.24,5.73
134,airai,64,TL,2018-04-03,85,-8.93,125.41,69.59,1.59
135,provideniya,24,RU,2018-04-03,100,64.42,-173.23,22.25,9.19
136,hongjiang,32,CN,2018-04-03,80,27.21,109.83,68.78,4.61
137,barrow,0,AR,2018-04-03,49,-38.31,-60.23,78.14,10.31
138,kodiak,90,US,2018-04-03,93,39.95,-94.76,35.6,21.92
139,catamarca,NA,NA,2018-04-03,NA,NA,NA,NA,NA
140,rundu,92,NA,2018-04-03,35,-17.91,19.77,81.65,4.83
141,castro,92,CL,2018-04-03,95,-42.48,-73.76,58.88,12.21
142,manggar,20,ID,2018-04-03,100,-2.88,108.27,74.99,1.92
143,la ronge,20,CA,2018-04-03,46,55.1,-105.3,10.4,10.29
144,hovd,0,NO,2018-04-03,40,63.83,10.7,39.2,11.41
145,kokologo,36,BF,2018-04-03,11,12.19,-1.88,104,5.82
146,victoria,75,BN,2018-04-03,78,5.28,115.24,82.4,4.7
147,chaiyaphum,20,TH,2018-04-03,87,15.81,102.03,74.99,2.82
148,marcona,NA,NA,2018-04-03,NA,NA,NA,NA,NA
149,avarua,75,CK,2018-04-03,94,-21.21,-159.78,75.2,4.7
150,inhambane,20,MZ,2018-04-03,78,-23.87,35.38,80.6,7.96
151,ciudanovita,NA,NA,2018-04-03,NA,NA,NA,NA,NA
152,champerico,20,MX,2018-04-03,35,16.38,-93.6,89.6,4.7
153,ust-omchug,92,RU,2018-04-03,78,61.13,149.63,21.53,7.29
154,north bend,1,US,2018-04-03,75,43.41,-124.22,44.6,6.93
155,lewiston,1,US,2018-04-03,48,46.42,-117.02,44.6,8.05
156,viligili,NA,NA,2018-04-03,NA,NA,NA,NA,NA
157,boma,0,NG,2018-04-03,28,11.23,4.46,95.6,4.16
158,tucuma,NA,NA,2018-04-03,NA,NA,NA,NA,NA
159,mayor pablo lagerenza,12,PY,2018-04-03,65,-19.93,-60.77,88.58,4.94
160,kismayo,NA,NA,2018-04-03,NA,NA,NA,NA,NA
161,vila velha,40,BR,2018-04-03,62,-3.71,-38.6,87.8,13.87
162,souillac,0,FR,2018-04-03,62,45.6,-0.6,59,11.41
163,flin flon,40,CA,2018-04-03,30,54.77,-101.88,10.4,4.7
164,krasnohrad,0,UA,2018-04-03,93,49.38,35.45,34.22,3.38
165,samusu,NA,NA,2018-04-03,NA,NA,NA,NA,NA
166,san patricio,0,PY,2018-04-03,59,-26.98,-56.83,84.17,3.15
167,cockburn town,32,TC,2018-04-03,99,21.46,-71.14,77.24,12.55
168,katherine,75,AU,2018-04-03,78,-14.47,132.26,77,6.85
169,beyneu,0,KZ,2018-04-03,59,45.32,55.19,46.19,14.9
170,skaerbaek,NA,NA,2018-04-03,NA,NA,NA,NA,NA
171,sur,20,OM,2018-04-03,81,22.57,59.53,81.38,6.17
172,luang prabang,36,LA,2018-04-03,99,19.89,102.14,65.54,1.81
173,goya,68,AR,2018-04-03,92,-29.14,-59.27,77.96,6.17
174,palmer,1,US,2018-04-03,35,61.6,-149.11,26.6,25.28
175,bastrop,75,US,2018-04-03,54,32.78,-91.91,80.6,13.87
176,singaraja,12,ID,2018-04-03,100,-8.11,115.08,70.13,1.92
177,saint-augustin,92,FR,2018-04-03,77,44.83,-0.61,62.6,5.82
178,ocampo,68,PH,2018-04-03,98,13.56,123.37,76.52,6.4
179,kondinskoye,92,RU,2018-04-03,86,59.65,67.41,28.19,10.31
180,kruisfontein,20,ZA,2018-04-03,98,-34,24.73,67.52,9.64
181,san jeronimo,75,PE,2018-04-03,54,-13.65,-73.37,59,2.48
182,anadyr,40,RU,2018-04-03,85,64.73,177.51,12.2,6.71
183,raudeberg,75,NO,2018-04-03,69,61.99,5.14,37.4,17.22
184,bubaque,0,GW,2018-04-03,46,11.28,-15.83,89.6,11.41
185,bonham,90,US,2018-04-03,65,33.58,-96.18,78.8,20.8
186,vaitupu,NA,NA,2018-04-03,NA,NA,NA,NA,NA
187,charsadda,75,PK,2018-04-03,49,34.14,71.73,73.4,9.17
188,geraldton,20,CA,2018-04-03,28,49.72,-86.95,14,3.36
189,salalah,20,OM,2018-04-03,78,17.01,54.1,80.6,6.93
190,isangel,44,VU,2018-04-03,100,-19.55,169.27,79.22,15.68
191,grand centre,NA,NA,2018-04-03,NA,NA,NA,NA,NA
192,ginir,92,ET,2018-04-03,91,7.14,40.71,60.59,3.6
193,taolanaro,NA,NA,2018-04-03,NA,NA,NA,NA,NA
194,umm bab,0,QA,2018-04-03,36,25.21,50.81,72.2,4.16
195,khani,75,GE,2018-04-03,71,41.96,42.96,51.8,14.99
196,leander,90,US,2018-04-03,83,30.56,-97.84,77,8.05
197,cazanesti,8,RO,2018-04-03,65,44.62,27.02,50.24,2.93
198,kamenka,88,RU,2018-04-03,95,53.19,44.05,33.05,3.83
199,hermanus,8,ZA,2018-04-03,69,-34.42,19.24,67.34,5.28
200,sistranda,0,NO,2018-04-03,44,63.73,8.83,39.2,10.29
201,longyearbyen,75,NO,2018-04-03,46,78.22,15.63,10.4,13.87
202,bonito,36,BR,2018-04-03,92,-21.13,-56.49,80.75,3.04
203,sentyabrskiy,NA,NA,2018-04-03,NA,NA,NA,NA,NA
204,arman,75,RU,2018-04-03,85,59.7,150.17,32,8.95
205,pacific grove,1,US,2018-04-03,76,36.62,-121.92,55.4,5.82
206,katsuura,0,JP,2018-04-03,82,33.93,134.5,51.41,2.15
207,lazo,56,MD,2018-04-03,67,47.89,27.93,48.53,7.63
208,poysdorf,0,AT,2018-04-03,51,48.67,16.63,66.2,12.75
209,kesennuma,NA,NA,2018-04-03,NA,NA,NA,NA,NA
210,emporia,90,US,2018-04-03,80,38.4,-96.18,35.6,26.4
211,chumikan,76,RU,2018-04-03,56,54.72,135.31,23.42,14
212,cabo san lucas,5,MX,2018-04-03,50,22.89,-109.91,80.6,11.41
213,port blair,12,IN,2018-04-03,100,11.67,92.75,83.81,2.48
214,lebu,75,ET,2018-04-03,45,8.96,38.73,68,13.87
215,ariquemes,88,BR,2018-04-03,75,-9.91,-63.03,83.45,2.93
216,ust-kamchatsk,NA,NA,2018-04-03,NA,NA,NA,NA,NA
217,constitucion,5,MX,2018-04-03,9,23.99,-104.67,69.8,10.29
218,sonoita,1,US,2018-04-03,10,31.68,-110.66,73.4,13.87
219,ca mau,20,VN,2018-04-03,93,9.18,105.15,77.69,9.53
220,bezdan,0,RS,2018-04-03,37,45.85,18.93,66.2,1.12
221,paamiut,44,GL,2018-04-03,94,61.99,-49.67,33.32,6.06
222,tsihombe,NA,NA,2018-04-03,NA,NA,NA,NA,NA
223,urdoma,92,RU,2018-04-03,97,61.74,48.55,39.17,12.88
224,hauknes,0,NO,2018-04-03,54,66.28,14.07,33.8,5.82
225,lowestoft,40,GB,2018-04-03,62,52.48,1.75,57.2,17.22
226,bay roberts,40,CA,2018-04-03,43,47.58,-53.28,33.8,14.99
227,sao joao da barra,20,BR,2018-04-03,49,-21.64,-41.05,91.4,17.02
228,koppang,88,NO,2018-04-03,79,61.57,11.04,22.16,5.61
229,matay,0,EG,2018-04-03,35,28.42,30.79,70.85,12.21
230,makakilo city,1,US,2018-04-03,88,21.35,-158.09,75.2,4.7
231,maragogi,0,BR,2018-04-03,91,-9.01,-35.22,82.01,9.19
232,itarema,36,BR,2018-04-03,97,-2.92,-39.92,81.38,9.31
233,tiksi,64,RU,2018-04-03,79,71.64,128.87,6.59,10.2
234,chicama,75,PE,2018-04-03,78,-7.84,-79.15,71.6,9.17
235,berlevag,88,NO,2018-04-03,100,70.86,29.09,32,34.45
236,linhares,8,BR,2018-04-03,50,-19.38,-40.06,91.55,7.96
237,attawapiskat,NA,NA,2018-04-03,NA,NA,NA,NA,NA
238,grindavik,75,IS,2018-04-03,50,63.84,-22.43,30.2,12.75
239,goulburn,0,AU,2018-04-03,94,-34.75,149.72,53.12,1.7
240,vestmannaeyjar,75,IS,2018-04-03,92,63.44,-20.27,30.2,4.7
241,vanimo,80,PG,2018-04-03,97,-2.67,141.3,84.17,19.15
242,tam ky,20,VN,2018-04-03,83,15.57,108.48,73.4,2.24
243,catumbela,20,AO,2018-04-03,74,-12.43,13.55,84.2,9.17
244,tilichiki,0,RU,2018-04-03,77,60.47,166.1,31.25,10.31
245,fairbanks,1,US,2018-04-03,77,64.84,-147.72,-0.41,11.99
246,bourail,76,NC,2018-04-03,89,-21.57,165.5,71.57,4.16
247,umzimvubu,NA,NA,2018-04-03,NA,NA,NA,NA,NA
248,yellowknife,75,CA,2018-04-03,54,62.45,-114.38,-0.41,8.05
249,ostrovnoy,92,RU,2018-04-03,95,68.05,39.51,33.14,9.53
250,hualmay,8,PE,2018-04-03,73,-11.1,-77.61,75.62,5.28
251,port-cartier,90,CA,2018-04-03,68,50.03,-66.88,28.4,12.75
252,casablanca,40,MA,2018-04-03,77,33.6,-7.62,64.4,13.87
253,kemi,75,FI,2018-04-03,75,65.74,24.56,32,10.29
254,astoria,1,US,2018-04-03,86,46.19,-123.83,41,4.7
255,mitsamiouli,75,KM,2018-04-03,78,-11.38,43.28,82.4,2.24
256,bambous virieux,90,MU,2018-04-03,78,-20.34,57.76,82.4,10.29
257,dasoguz,0,TM,2018-04-03,41,41.84,59.97,60.8,9.17
258,macapa,75,BR,2018-04-03,62,0.05,-51.07,89.6,2.24
259,carndonagh,90,IE,2018-04-03,93,55.25,-7.27,41,13.87
260,sitka,24,US,2018-04-03,41,37.17,-99.65,49.16,31.9
261,oranjestad,20,AW,2018-04-03,70,12.52,-70.03,86,14.99
262,thinadhoo,44,MV,2018-04-03,100,0.53,72.93,84.8,1.59
263,vila franca do campo,20,PT,2018-04-03,67,37.72,-25.43,60.8,20.8
264,faanui,64,PF,2018-04-03,100,-16.48,-151.75,81.74,10.2
265,bethel,1,US,2018-04-03,78,60.79,-161.76,15.8,8.05
266,georgetown,75,GY,2018-04-03,70,6.8,-58.16,86,16.11
267,bonavista,8,CA,2018-04-03,98,48.65,-53.11,26.39,22.5
268,uddevalla,75,SE,2018-04-03,69,58.35,11.94,39.2,16.11
269,severo-kurilsk,92,RU,2018-04-03,96,50.68,156.12,32.24,21.61
270,kirksville,100,US,2018-04-03,100,40.19,-92.58,37.4,10.29
271,mao,40,DO,2018-04-03,54,19.55,-71.08,84.2,6.93
272,kupang,36,ID,2018-04-03,100,-10.16,123.6,79.85,5.5
273,inyonga,80,TZ,2018-04-03,81,-6.72,32.06,69.23,2.71
274,abu samrah,0,SY,2018-04-03,46,35.3,37.18,59.51,5.95
275,port augusta,0,AU,2018-04-03,93,-32.49,137.76,57.2,5.82
276,casa grande,1,US,2018-04-03,17,32.88,-111.76,75.2,3.36
277,coquimbo,0,CL,2018-04-03,63,-29.95,-71.34,66.2,12.75
278,codrington,100,AU,2018-04-03,84,-28.95,153.24,65.99,4.16
279,port hardy,90,CA,2018-04-03,93,50.7,-127.42,39.2,3.36
280,bilma,0,NE,2018-04-03,17,18.69,12.92,81.65,7.18
281,portland,90,US,2018-04-03,80,45.52,-122.67,42.8,3.36
282,naze,40,NG,2018-04-03,78,5.43,7.07,82.4,5.82
283,pangnirtung,75,CA,2018-04-03,63,66.15,-65.72,30.2,8.05
284,merauke,100,ID,2018-04-03,100,-8.49,140.4,75.98,9.64
285,bad waldsee,0,DE,2018-04-03,34,47.92,9.75,66.2,4.7
286,garbolovo,40,RU,2018-04-03,59,60.34,30.5,35.6,11.18
287,general roca,0,AR,2018-04-03,40,-39.03,-67.58,71.6,8.05
288,kaitangata,32,NZ,2018-04-03,60,-46.28,169.85,60.32,31.9
289,kawalu,56,ID,2018-04-03,98,-7.38,108.21,67.25,1.25
290,narsaq,40,GL,2018-04-03,30,60.91,-46.05,42.8,6.93
291,san quintin,20,PH,2018-04-03,90,17.54,120.52,67.16,3.04
292,alofi,92,NU,2018-04-03,96,-19.06,-169.92,82.91,15.79
293,bandarbeyla,88,SO,2018-04-03,100,9.49,50.81,81.02,10.2
294,komsomolskiy,92,RU,2018-04-03,72,67.55,63.78,14.42,15.79
295,mount isa,0,AU,2018-04-03,57,-20.73,139.49,77,5.82
296,atambua,32,ID,2018-04-03,100,-9.11,124.89,76.34,3.71
297,qui nhon,NA,NA,2018-04-03,NA,NA,NA,NA,NA
298,nanortalik,8,GL,2018-04-03,100,60.14,-45.24,33.77,18.03
299,srednekolymsk,0,RU,2018-04-03,93,67.46,153.71,27.65,5.61
300,faya,20,SA,2018-04-03,42,18.39,42.45,66.2,2.26
301,krasnoselkup,NA,NA,2018-04-03,NA,NA,NA,NA,NA
302,dikson,0,RU,2018-04-03,65,73.51,80.55,-8.18,11.21
303,shangzhi,12,CN,2018-04-03,41,45.21,127.96,27.47,5.95
304,santa rosalia,0,IT,2018-04-03,72,38.07,13.27,62.6,8.05
305,toliary,NA,NA,2018-04-03,NA,NA,NA,NA,NA
306,bolungarvik,NA,NA,2018-04-03,NA,NA,NA,NA,NA
307,bondo,76,CD,2018-04-03,91,3.81,23.69,74.54,3.6
308,nantucket,40,US,2018-04-03,65,41.28,-70.1,44.6,17.22
309,hamilton,90,CA,2018-04-03,94,43.26,-79.87,41,19.46
310,orange cove,1,US,2018-04-03,68,36.62,-119.31,66.2,4.27
311,barentsburg,NA,NA,2018-04-03,NA,NA,NA,NA,NA
312,vrangel,92,RU,2018-04-03,87,42.73,133.08,37.28,7.63
313,cayenne,75,GF,2018-04-03,62,4.94,-52.33,86,12.75
314,bontang,64,ID,2018-04-03,100,0.12,117.47,77.87,3.6
315,kampot,64,KH,2018-04-03,87,10.62,104.18,76.88,6.17
316,feicheng,88,CN,2018-04-03,85,36.18,116.77,41.15,15.01
317,ilulissat,20,GL,2018-04-03,78,69.22,-51.1,15.8,1.12
318,cururupu,44,BR,2018-04-03,100,-1.82,-44.87,80.57,4.16
319,samarai,56,PG,2018-04-03,100,-10.62,150.67,81.74,8.63
320,sala consilina,68,IT,2018-04-03,75,40.4,15.6,49.97,1.7
321,felidhoo,NA,NA,2018-04-03,NA,NA,NA,NA,NA
322,ulaangom,56,MN,2018-04-03,79,49.98,92.07,10.82,6.4
323,chokurdakh,76,RU,2018-04-03,76,70.62,147.9,16.94,11.88
324,gedo,56,ET,2018-04-03,91,9.01,37.45,59.15,1.25
325,coahuayana,8,MX,2018-04-03,31,18.62,-100.35,84.35,2.93
326,egvekinot,0,RU,2018-04-03,68,66.32,-179.17,11.72,2.82
327,laguna,5,MX,2018-04-03,27,27.52,-110.01,78.8,10.29
328,swellendam,20,ZA,2018-04-03,77,-34.02,20.44,69.8,9.17
329,lazaro cardenas,75,MX,2018-04-03,24,28.39,-105.62,71.6,5.61
330,lucapa,100,AO,2018-04-03,98,-8.42,20.74,68.33,3.27
331,kerteh,NA,NA,2018-04-03,NA,NA,NA,NA,NA
332,springville,1,US,2018-04-03,37,40.17,-111.61,35.6,6.93
333,talnakh,64,RU,2018-04-03,70,69.49,88.39,-10.25,7.74
334,san jose de rio tinto,20,HN,2018-04-03,45,14.93,-85.7,86,2.24
335,marsaxlokk,20,MT,2018-04-03,82,35.84,14.54,59,14.99
336,ahuimanu,40,US,2018-04-03,73,21.44,-157.84,75.2,3.36
337,lasa,0,CY,2018-04-03,77,34.92,32.53,64.4,4.7
338,kayerkan,68,RU,2018-04-03,70,69.35,87.76,-10.07,9.98
339,amga,24,RU,2018-04-03,53,60.89,131.98,7.22,8.3
340,kuruman,88,ZA,2018-04-03,87,-27.46,23.43,62.12,5.39
341,pio ix,0,BR,2018-04-03,82,-6.83,-40.61,82.73,2.93
342,blagoyevo,92,RU,2018-04-03,98,63.37,47.92,38.72,10.65
343,itoman,20,JP,2018-04-03,73,26.12,127.67,71.6,10.29
344,yelizovo,90,RU,2018-04-03,86,53.19,158.38,28.4,6.71
345,santiago,0,CL,2018-04-03,38,-33.44,-70.65,77,4.7
346,richards bay,92,ZA,2018-04-03,92,-28.77,32.06,73.91,4.16
347,otane,0,NZ,2018-04-03,83,-39.89,176.62,52.4,5.73
348,dickinson,75,US,2018-04-03,67,46.88,-102.79,17.6,12.75
349,shintomi,0,JP,2018-04-03,100,32.08,131.47,56.45,5.95
350,grand gaube,90,MU,2018-04-03,78,-20.01,57.66,82.4,10.29
351,shingu,0,JP,2018-04-03,92,33.72,135.99,62.84,10.76
352,san policarpo,68,PH,2018-04-03,100,12.18,125.51,77.15,8.41
353,hithadhoo,56,MV,2018-04-03,100,-0.6,73.08,84.71,5.39
354,duz,NA,NA,2018-04-03,NA,NA,NA,NA,NA
355,paita,0,PE,2018-04-03,58,-5.09,-81.11,84.2,8.05
356,teguise,20,ES,2018-04-03,56,29.06,-13.56,69.8,14.99
357,selma,1,US,2018-04-03,48,36.57,-119.61,66.2,10.29
358,manacor,75,ES,2018-04-03,87,39.57,3.21,60.8,9.17
359,aklavik,90,CA,2018-04-03,77,68.22,-135.01,1.4,8.05
360,niimi,20,JP,2018-04-03,76,34.97,133.47,55.4,8.05
361,saint-paul,92,FR,2018-04-03,63,45.22,1.9,60.8,10.29
362,rio grande,40,BR,2018-04-03,58,-32.03,-52.1,82.4,5.82
363,fortuna,20,ES,2018-04-03,38,38.18,-1.13,73.4,11.41
364,collie,0,AU,2018-04-03,83,-33.36,116.15,64.46,10.98
365,rocha,80,UY,2018-04-03,82,-34.48,-54.34,70.94,6.73
366,sao jose da coroa grande,0,BR,2018-04-03,91,-8.9,-35.15,82.01,9.19
367,kulhudhuffushi,68,MV,2018-04-03,100,6.62,73.07,83.72,4.72
368,kirya,NA,NA,2018-04-03,NA,NA,NA,NA,NA
369,chapais,1,CA,2018-04-03,46,49.78,-74.86,10.4,3.36
370,general pico,0,AR,2018-04-03,73,-35.66,-63.75,76.7,9.64
371,altay,64,CN,2018-04-03,80,47.83,88.13,14.69,3.27
372,hammerfest,75,NO,2018-04-03,86,70.66,23.68,33.8,16.11
373,orapa,8,BW,2018-04-03,38,-21.28,25.37,76.7,9.64
374,rosedale,90,US,2018-04-03,87,39.32,-76.52,46.4,6.93
375,burgeo,0,CA,2018-04-03,100,47.61,-57.61,31.07,22.73
376,susanville,1,US,2018-04-03,38,40.42,-120.65,42.8,2.93
377,constantine,75,DZ,2018-04-03,72,36.36,6.61,62.6,3.36
378,belen,0,TR,2018-04-03,34,36.49,36.19,66.2,16.11
379,dibulla,75,CO,2018-04-03,74,11.27,-73.31,82.4,11.41
380,tutoia,40,BR,2018-04-03,66,-2.76,-42.27,89.6,11.41
381,wanaka,12,NZ,2018-04-03,55,-44.7,169.14,54.65,11.43
382,sanmenxia,68,CN,2018-04-03,52,34.77,111.19,50.87,11.77
383,taltal,0,CL,2018-04-03,70,-25.41,-70.49,66.98,3.15
384,kazalinsk,NA,NA,2018-04-03,NA,NA,NA,NA,NA
385,mouzouras,0,GR,2018-04-03,82,35.53,24.15,59,4.38
386,mogadishu,64,SO,2018-04-03,100,2.04,45.34,83.63,10.65
387,ilka,NA,NA,2018-04-03,NA,NA,NA,NA,NA
388,cherskiy,12,RU,2018-04-03,74,68.75,161.3,26.75,6.85
389,buinsk,20,RU,2018-04-03,95,54.97,48.29,33.41,12.55
390,rawson,0,AR,2018-04-03,33,-43.3,-65.11,80.84,7.96
391,carballo,40,ES,2018-04-03,71,43.21,-8.69,53.6,12.75
392,saint-francois,0,FR,2018-04-03,51,46.42,3.91,60.8,9.17
393,skelleftea,0,SE,2018-04-03,40,64.75,20.95,33.8,5.82
394,honiara,90,SB,2018-04-03,100,-9.43,159.96,75.2,1.7
395,nouakchott,76,MR,2018-04-03,94,18.08,-15.98,67.07,16.46
396,sinnamary,56,GF,2018-04-03,90,5.38,-52.96,82.01,8.97
397,derzhavinsk,0,KZ,2018-04-03,85,51.1,66.31,20.72,11.65
398,limoeiro do norte,20,BR,2018-04-03,63,-5.15,-38.1,90.2,5.61
399,rungata,NA,NA,2018-04-03,NA,NA,NA,NA,NA
400,araguaina,20,BR,2018-04-03,79,-7.19,-48.21,84.71,6.73
401,dhanbad,0,IN,2018-04-03,61,23.8,86.43,73.64,5.06
402,chaibasa,0,IN,2018-04-03,78,22.55,85.81,71.3,2.93
403,nea kallikratia,0,GR,2018-04-03,63,40.31,23.06,60.8,10.29
404,ahipara,12,NZ,2018-04-03,100,-35.17,173.16,54.11,1.7
405,severodvinsk,75,RU,2018-04-03,93,64.56,39.82,37.4,13.42
406,ulladulla,75,AU,2018-04-03,100,-35.36,150.48,60.8,1.92
407,sernovodsk,0,RU,2018-04-03,89,53.92,51.26,34.4,15.35
408,kumo,0,NG,2018-04-03,31,10.05,11.21,89.3,2.93
409,sansare,75,GT,2018-04-03,60,14.75,-90.12,71.6,13.87
410,japura,92,ID,2018-04-03,99,-0.42,102.29,74,2.15
411,akureyri,75,IS,2018-04-03,92,65.68,-18.09,28.4,5.82
412,yar-sale,64,RU,2018-04-03,72,66.83,70.83,1.37,12.66
413,batemans bay,20,AU,2018-04-03,100,-35.71,150.18,61.31,3.6
414,lamar,90,US,2018-04-03,17,38.09,-102.62,44.6,34.45
415,montorio al vomano,0,IT,2018-04-03,76,42.58,13.64,60.8,5.82
416,pedernales,36,EC,2018-04-03,95,0.07,-80.05,80.84,6.96
417,san francisco,1,US,2018-04-03,67,37.78,-122.42,60.8,4.7
418,santa marta,40,CO,2018-04-03,79,11.24,-74.21,84.2,6.93
419,san cristobal,75,EC,2018-04-03,55,-0.39,-78.55,64.4,11.41
420,nurota,0,UZ,2018-04-03,48,40.56,65.69,60.8,6.73
421,awbari,0,LY,2018-04-03,12,26.59,12.77,82.19,8.41
422,pisco,0,PE,2018-04-03,61,-13.71,-76.2,77,9.17
423,pendleton,20,US,2018-04-03,56,34.65,-82.78,73.4,4.7
424,sept-iles,90,CA,2018-04-03,68,50.2,-66.38,28.4,12.75
425,moree,0,AU,2018-04-03,70,-29.46,149.84,64.82,7.63
426,asosa,0,ET,2018-04-03,73,10.07,34.53,69.32,2.59
427,nouadhibou,44,MR,2018-04-03,73,20.93,-17.03,69.8,20.8
428,dicabisagan,92,PH,2018-04-03,100,17.08,122.42,73.1,4.16
429,walvis bay,75,NA,2018-04-03,60,-22.95,14.51,73.4,4.7
430,karratha,0,AU,2018-04-03,69,-20.74,116.85,81.47,8.63
431,albufeira,20,PT,2018-04-03,77,37.09,-8.25,62.6,17.22
432,lorengau,44,PG,2018-04-03,95,-2.02,147.27,83.99,11.99
433,myaundzha,56,RU,2018-04-03,89,63.05,147.18,17.21,6.29
434,chabahar,0,IR,2018-04-03,93,25.29,60.65,79.31,11.1
435,klaksvik,0,FO,2018-04-03,100,62.23,-6.59,32,6.93
436,biltine,0,TD,2018-04-03,19,14.53,20.93,80.48,8.19
437,chesterton,90,US,2018-04-03,100,41.61,-87.06,44.6,10.29
438,oshakati,68,NA,2018-04-03,70,-17.78,15.7,72.29,3.49
439,bulgan,48,MN,2018-04-03,65,48.81,103.53,25.85,3.83
440,nyurba,48,RU,2018-04-03,71,63.29,118.35,6.77,3.27
441,dingle,12,PH,2018-04-03,98,11,122.67,72.02,7.4
442,gagret,8,IN,2018-04-03,74,31.66,76.06,62.03,4.5
443,agadir,20,MA,2018-04-03,56,30.42,-9.58,69.8,10.29
444,norfolk,90,US,2018-04-03,71,36.85,-76.29,69.8,13
445,okakarara,92,NA,2018-04-03,41,-20.59,17.46,75.35,6.73
446,manoel urbano,32,BR,2018-04-03,91,-8.84,-69.26,80.39,2.71
447,hede,0,SE,2018-04-03,40,60.45,15.49,37.4,8.05
448,angoram,32,PG,2018-04-03,98,-4.06,144.07,75.08,0.81
449,gistel,75,BE,2018-04-03,81,51.15,2.96,55.4,6.93
450,zhuzhou,0,CN,2018-04-03,83,27.84,113.15,69.8,4.47
451,kibre mengist,80,ET,2018-04-03,75,5.87,38.99,65.99,4.72
452,tsumeb,88,NA,2018-04-03,53,-19.25,17.72,74.54,3.04
453,vicuna,NA,NA,2018-04-03,NA,NA,NA,NA,NA
454,severo-yeniseyskiy,64,RU,2018-04-03,73,60.37,93.04,13.61,7.63
455,luena,24,AO,2018-04-03,96,-11.78,19.91,65.18,2.59
456,gat,0,SN,2018-04-03,31,14.69,-16.54,88.67,11.65
457,dolbeau,NA,NA,2018-04-03,NA,NA,NA,NA,NA
458,bratsk,80,RU,2018-04-03,45,56.15,101.63,24.8,2.24
459,paratinga,40,BR,2018-04-03,41,-12.69,-43.18,93.2,6.93
460,laguna de duero,75,ES,2018-04-03,87,41.58,-4.72,46.4,19.46
461,bonfim,92,GY,2018-04-03,93,3.36,-59.84,77.15,8.75
462,tura,0,IN,2018-04-03,82,25.52,90.21,68.42,2.15
463,kananga,92,CD,2018-04-03,98,-5.9,22.41,68.51,3.04
464,palana,0,RU,2018-04-03,81,59.08,159.95,32.06,9.19
465,abu zabad,0,SD,2018-04-03,26,12.35,29.25,76.34,6.17
466,sindor,92,RU,2018-04-03,93,62.87,51.9,39.71,15.01
467,yerbogachen,0,RU,2018-04-03,72,61.28,108.01,8.3,2.59
468,hirara,88,JP,2018-04-03,100,24.8,125.28,73.01,13.78
469,nemuro,92,JP,2018-04-03,91,43.32,145.57,37.46,5.95
470,sao mateus,0,BR,2018-04-03,79,-18.72,-39.86,83.99,11.21
471,leshukonskoye,92,RU,2018-04-03,97,64.9,45.76,38.45,9.64
472,riviere-au-renard,75,CA,2018-04-03,32,49,-64.4,37.4,16.11
473,adrar,40,DZ,2018-04-03,15,27.87,-0.29,93.2,14.99
474,calvinia,68,ZA,2018-04-03,41,-31.47,19.78,71.57,4.83
475,pindiga,0,NG,2018-04-03,32,9.98,10.93,89.03,3.71
476,ust-nera,56,RU,2018-04-03,69,64.57,143.24,7.04,2.15
477,birao,0,CF,2018-04-03,17,10.3,22.78,85.79,9.75
478,mopti,8,ML,2018-04-03,22,14.49,-4.19,98.48,6.29
479,paradwip,NA,NA,2018-04-03,NA,NA,NA,NA,NA
480,zabid,44,YE,2018-04-03,31,14.2,44.5,59.6,3.15
481,coihaique,75,CL,2018-04-03,82,-45.58,-72.07,59,5.82
482,haapiti,75,PF,2018-04-03,74,-17.57,-149.87,78.8,2.24
483,durango,1,US,2018-04-03,17,37.28,-107.88,53.6,5.82
484,thunder bay,90,CA,2018-04-03,53,48.41,-89.26,23,6.93
485,tocopilla,0,CL,2018-04-03,99,-22.09,-70.2,67.34,5.84
486,krasnotorka,76,UA,2018-04-03,92,48.68,37.52,40.16,6.51
487,starkville,40,US,2018-04-03,57,33.45,-88.82,80.6,17.22
488,black river,20,JM,2018-04-03,69,18.03,-77.85,82.4,17.22
489,los llanos de aridane,20,ES,2018-04-03,64,28.66,-17.92,69.8,11.41
490,strezhevoy,0,RU,2018-04-03,71,60.73,77.6,3.2,4.47
491,miandrivazo,48,MG,2018-04-03,76,-19.53,45.46,75.71,2.93
492,voloshka,64,RU,2018-04-03,90,61.33,40.09,31.61,17.92
493,mwense,80,ZM,2018-04-03,81,-10.39,28.7,69.95,2.93
494,parlakimidi,0,IN,2018-04-03,100,18.77,84.08,71.39,0.81
495,zhigansk,0,RU,2018-04-03,60,66.77,123.37,-6.56,4.38
496,waipawa,0,NZ,2018-04-03,69,-39.94,176.59,61.67,16.02
497,margate,75,AU,2018-04-03,62,-43.03,147.26,57.2,1.12
498,puerto del rosario,40,ES,2018-04-03,72,28.5,-13.86,69.8,14.99
499,maceio,40,BR,2018-04-03,66,-9.67,-35.74,84.2,14.99
500,varzelandia,12,BR,2018-04-03,43,-15.7,-44.03,91.28,4.61
501,devils lake,1,US,2018-04-03,56,48.11,-98.87,15.8,10.29
502,siparia,40,TT,2018-04-03,55,10.14,-61.51,87.8,20.8
503,dakar,20,SN,2018-04-03,83,14.69,-17.45,71.6,9.17
504,lalmohan,12,BD,2018-04-03,80,22.34,90.74,78.32,7.74
505,new glasgow,48,CA,2018-04-03,51,45.59,-62.65,40.07,3.94
506,synya,92,RU,2018-04-03,96,65.37,58.04,35.48,13.11
507,shache,92,CN,2018-04-03,53,38.42,77.24,55.46,9.53
508,harqalah,0,SY,2018-04-03,24,35.96,38.95,60.95,8.97
509,muros,75,ES,2018-04-03,87,42.77,-9.06,48.2,14.99
510,radishchevo,56,RU,2018-04-03,89,52.85,47.87,35.75,13.22
511,chivolo,12,CO,2018-04-03,64,10.03,-74.62,90.65,6.17
512,benguela,20,AO,2018-04-03,74,-12.58,13.4,84.2,9.17
513,mananara,NA,NA,2018-04-03,NA,NA,NA,NA,NA
514,kieta,44,PG,2018-04-03,99,-6.22,155.63,78.41,7.07
515,mackay,75,CA,2018-04-03,56,53.65,-115.58,14,5.82
516,lompoc,90,US,2018-04-03,87,34.64,-120.46,57.2,3.36
517,saleaula,NA,NA,2018-04-03,NA,NA,NA,NA,NA
518,kuytun,68,RU,2018-04-03,66,54.34,101.51,13.79,2.37
519,mariakani,20,KE,2018-04-03,79,-3.87,39.47,84.2,4.7
520,san rafael,0,AR,2018-04-03,29,-34.61,-68.33,83.27,4.16
521,henties bay,68,NA,2018-04-03,91,-22.12,14.28,67.61,6.4
522,along,0,IN,2018-04-03,81,28.17,94.8,58.07,1.81
523,salihorsk,20,BY,2018-04-03,80,52.79,27.54,43.67,8.86
524,kavaratti,0,IN,2018-04-03,100,10.57,72.64,84.17,8.86
525,waddan,24,LY,2018-04-03,20,29.16,16.14,72.47,7.96
526,mangaluru,20,IN,2018-04-03,74,12.87,74.84,82.4,3.36
527,baillif,90,GP,2018-04-03,58,16.02,-61.75,86,12.75
528,natal,40,BR,2018-04-03,62,-5.81,-35.21,87.8,14.99
529,rheinau,0,DE,2018-04-03,42,48.87,8.19,66.2,5.82
530,majene,8,ID,2018-04-03,100,-3.54,118.97,81.83,2.71
531,san carlos de bariloche,75,AR,2018-04-03,59,-41.13,-71.31,60.8,18.34
532,makurdi,8,NG,2018-04-03,67,7.73,8.54,85.88,9.53
533,tres arroyos,0,AR,2018-04-03,49,-38.38,-60.28,78.14,10.31
534,veisiejai,75,LT,2018-04-03,61,54.1,23.7,50,8.95
535,tongzi,76,CN,2018-04-03,72,28.78,105.09,69.59,0.47
536,roebourne,0,AU,2018-04-03,69,-20.77,117.15,81.47,8.63
537,te anau,48,NZ,2018-04-03,90,-45.41,167.72,51.77,17.69
538,opuwo,88,NA,2018-04-03,98,-18.06,13.84,64.91,3.04
539,tomatlan,0,MX,2018-04-03,39,19.93,-105.25,84.44,3.49
540,gari,36,RU,2018-04-03,86,59.43,62.35,37.01,8.52
541,we,NA,NA,2018-04-03,NA,NA,NA,NA,NA
542,nioro,0,GM,2018-04-03,24,13.79,-15.05,99.11,5.61
543,deputatskiy,32,RU,2018-04-03,67,69.3,139.9,-1.79,2.59
544,lashma,8,RU,2018-04-03,91,54.93,41.14,31.79,8.19
545,charters towers,88,AU,2018-04-03,82,-20.07,146.27,69.86,14.9
546,launceston,0,AU,2018-04-03,100,-41.43,147.14,46.4,10.29
547,dubbo,0,AU,2018-04-03,77,-32.25,148.6,64.4,12.75
548,cap malheureux,90,MU,2018-04-03,78,-19.98,57.61,82.4,10.29
549,shimoda,0,JP,2018-04-03,98,34.7,138.93,65.18,15.68
550,green river,1,US,2018-04-03,35,41.53,-109.47,23,12.75
551,toging,NA,NA,2018-04-03,NA,NA,NA,NA,NA
552,vondrozo,100,MG,2018-04-03,99,-22.82,47.32,69.59,3.38
553,nizhneyansk,NA,NA,2018-04-03,NA,NA,NA,NA,NA
554,savelugu,32,GH,2018-04-03,87,9.63,-0.83,76.25,5.61
555,urengoy,32,RU,2018-04-03,68,65.96,78.37,-9.26,4.72
556,kaeo,12,NZ,2018-04-03,85,-35.1,173.78,49.25,2.71
557,nuuk,40,GL,2018-04-03,55,64.17,-51.74,35.6,10.29
558,cairns,0,AU,2018-04-03,83,-16.92,145.77,73.4,4.7
559,kaspiyskiy,88,RU,2018-04-03,74,45.39,47.37,50.6,12.44
560,matrei,NA,NA,2018-04-03,NA,NA,NA,NA,NA
561,ust-tsilma,92,RU,2018-04-03,96,65.44,52.15,37.82,9.42
562,kegayli,NA,NA,2018-04-03,NA,NA,NA,NA,NA
563,hasaki,0,JP,2018-04-03,100,35.73,140.83,55.4,2.24
564,aripuana,56,BR,2018-04-03,79,-9.17,-60.63,83.45,2.93
565,muana,64,BR,2018-04-03,93,-1.53,-49.22,81.29,2.93
566,khonuu,NA,NA,2018-04-03,NA,NA,NA,NA,NA
567,tamandare,75,BR,2018-04-03,88,-8.28,-70.75,78.8,8.05
568,xining,20,CN,2018-04-03,72,36.62,101.77,29.81,2.37
569,chesma,0,RU,2018-04-03,89,53.81,60.65,28.37,10.76
570,padang,32,ID,2018-04-03,100,-0.92,100.36,81.92,1.48
571,novoagansk,8,RU,2018-04-03,78,61.94,76.66,7.49,7.18
572,ballina,90,IE,2018-04-03,100,54.11,-9.15,42.8,6.93
573,kamaishi,0,JP,2018-04-03,81,39.28,141.86,50.06,3.04
574,tingo maria,40,PE,2018-04-03,69,-9.29,-76.01,82.4,4.7
575,police,0,PL,2018-04-03,62,53.55,14.57,59,3.36
576,strzelin,0,PL,2018-04-03,42,50.78,17.07,64.4,3.36
577,port hedland,0,AU,2018-04-03,83,-20.31,118.58,80.6,4.7
578,vysokogornyy,76,RU,2018-04-03,57,50.1,139.13,18.02,11.88
579,olafsvik,NA,NA,2018-04-03,NA,NA,NA,NA,NA
580,brentwood,90,US,2018-04-03,60,36.03,-86.78,73.4,18.34
581,yuzhno-yeniseyskiy,NA,NA,2018-04-03,NA,NA,NA,NA,NA
582,prado,0,BR,2018-04-03,92,-17.34,-39.22,81.47,11.1
583,samsun,40,TR,2018-04-03,66,41.29,36.33,50,1.48
584,tabiauea,NA,NA,2018-04-03,NA,NA,NA,NA,NA
585,phan thiet,56,VN,2018-04-03,95,10.93,108.1,76.61,13
586,skjervoy,90,NO,2018-04-03,80,70.03,20.97,33.8,10.29
587,roald,0,NO,2018-04-03,55,62.58,6.12,39.2,10.29
588,pochutla,5,MX,2018-04-03,99,15.74,-96.47,87.8,17.22
589,colares,75,PT,2018-04-03,82,38.8,-9.45,60.8,23.04
590,acarau,NA,NA,2018-04-03,NA,NA,NA,NA,NA
591,peleduy,80,RU,2018-04-03,78,59.63,112.75,15.41,3.71
592,spenge,0,DE,2018-04-03,48,52.14,8.48,62.6,8.05
593,meyungs,NA,NA,2018-04-03,NA,NA,NA,NA,NA
594,barranquilla,40,CO,2018-04-03,66,10.98,-74.8,86,9.17
595,nguiu,NA,NA,2018-04-03,NA,NA,NA,NA,NA
596,zapotiltic,5,MX,2018-04-03,18,19.63,-103.42,84.2,6.93
597,qasigiannguit,20,GL,2018-04-03,78,68.82,-51.19,15.8,1.12
598,wakkanai,68,JP,2018-04-03,100,45.41,141.67,37.91,29.55
599,mizdah,32,LY,2018-04-03,25,31.45,12.98,73.55,11.1
600,luangwa,32,MZ,2018-04-03,51,-15.62,30.4,82.55,6.62
601,eureka,1,US,2018-04-03,81,40.8,-124.16,50,6.93
